scenario,book,gross_exposure,maintenance_deficiency_probability,feasible_at_inception,deleverage_events_median,extension_scale,insolvency_probability,ending_after_tax_wealth_p10,ending_after_tax_wealth_median,ending_after_tax_wealth_p90,after_tax_cagr_p10,after_tax_cagr_median,after_tax_cagr_p90,gross_losses_realized_p10,gross_losses_realized_median,gross_losses_realized_p90,gross_losses_liquidation_p10,gross_losses_liquidation_median,gross_losses_liquidation_p90,disallowed_wash_losses_p10,disallowed_wash_losses_median,disallowed_wash_losses_p90,net_realized_pre_liquidation_p10,net_realized_pre_liquidation_median,net_realized_pre_liquidation_p90,tax_benefit_used_p10,tax_benefit_used_median,tax_benefit_used_p90,unused_loss_carry_p10,unused_loss_carry_median,unused_loss_carry_p90,liquidation_tax_p10,liquidation_tax_median,liquidation_tax_p90,tracking_error_p10,tracking_error_median,tracking_error_p90,max_drawdown_p10,max_drawdown_median,max_drawdown_p90,annual_turnover_p10,annual_turnover_median,annual_turnover_p90,average_nav_p10,average_nav_median,average_nav_p90,management_fees_p10,management_fees_median,management_fees_p90,borrow_costs_p10,borrow_costs_median,borrow_costs_p90,transaction_costs_p10,transaction_costs_median,transaction_costs_p90,payments_in_lieu_p10,payments_in_lieu_median,payments_in_lieu_p90,payments_in_lieu_capitalized_p10,payments_in_lieu_capitalized_median,payments_in_lieu_capitalized_p90,dividends_received_p10,dividends_received_median,dividends_received_p90,net_dividend_income_p10,net_dividend_income_median,net_dividend_income_p90,investment_interest_deducted_p10,investment_interest_deducted_median,investment_interest_deducted_p90,investment_interest_benefit_p10,investment_interest_benefit_median,investment_interest_benefit_p90,unused_investment_interest_carry_p10,unused_investment_interest_carry_median,unused_investment_interest_carry_p90,dividend_taxes_p10,dividend_taxes_median,dividend_taxes_p90,debit_interest_p10,debit_interest_median,debit_interest_p90,min_margin_excess_ratio_p10,min_margin_excess_ratio_median,min_margin_excess_ratio_p90,avg_long_exposure_p10,avg_long_exposure_median,avg_long_exposure_p90,avg_short_exposure_p10,avg_short_exposure_median,avg_short_exposure_p90,max_net_exposure_error_p10,max_net_exposure_error_median,max_net_exposure_error_p90,wealth_diff_vs_baseline_median,wealth_diff_vs_baseline_p10,wealth_diff_vs_baseline_p90,prob_beats_baseline
"Annual $100k ST gains, zero alpha",100/0,1.0,0.0,True,0.0,1.0,0.0,929657.74747035,1720242.8528660014,3127310.4099099943,-0.00726738693836223,0.05573970261190775,0.12076872478159635,638288.4881987802,753391.8269296245,936192.1698673855,42.939270663815655,159.2269405998854,302.26454294758423,0.0,0.0,0.0,-444028.0586475899,-58262.8481776556,599905.3100754687,50721.43475101046,116014.00348836798,217080.54419399652,-0.0,-0.0,0.0,54087.462025805704,196505.76994096505,465304.70403582137,0.009829250022104084,0.01169724055003946,0.014304453132089086,-0.5129893087011816,-0.30298599101635415,-0.18550106376866168,0.33211386845780544,0.5242922522017444,0.8175093706136157,861871.3398494157,1378762.9667648096,2107138.6650756584,38728.94118906568,61953.45288679523,94675.90701571587,0.0,0.0,0.0,7548.833298478633,8681.883160511617,9814.64979126001,0.0,0.0,0.0,0.0,0.0,0.0,117189.11798342426,187664.16657756158,286162.11990135885,117189.11798342426,187664.16657756158,286162.11990135885,20802.16070050303,35562.48235608029,58933.89933455301,8487.281565805237,14509.492801280754,24045.030928497625,0.0,0.0,0.0,27891.01008005497,44664.07164545965,68106.58453652341,20802.16070050303,36891.381654300094,58933.899334552996,0.8345114149729529,0.8359669644522052,0.837172875831295,1.0411278416650174,1.0456935343594473,1.0489012251962702,0.0,0.0,0.0,0.08551416112469996,0.09355357031863187,0.10325723351364693,0.0,0.0,0.0,0.0
"Annual $100k ST gains, zero alpha",130/30,1.6,0.0,True,0.0,1.0,0.0,942818.059946464,1648220.9276077908,2769315.3604777437,-0.005879057147202836,0.05122720919745816,0.10721427169674579,1887493.4104690307,2454396.940647913,3118051.7040009922,284.7506316977858,758.1021222899017,5371.778461718619,0.0,0.0,0.0,-449639.2951124347,137433.47997657117,1254834.0536285115,72880.57869635602,144984.17421053824,242726.17657423537,-0.0,-0.0,0.0,55408.01132786148,156533.00178745325,280272.91380990745,0.0203865766413134,0.0247945187095572,0.028877477534589694,-0.5009451642414611,-0.3167557897233565,-0.1885156156651223,2.1444020815966813,2.2715718139743615,2.4450737032730534,835212.4372992596,1309244.5393746942,1979850.8957485466,37551.37856935917,58861.81199804341,89012.89755952802,19461.72593083111,30478.97143567502,45567.851321809634,21774.76032090139,32084.70711034086,45062.45427419048,33733.658280107265,52830.217155170045,78984.27562447001,0.0,0.0,0.0,142463.58586832884,223723.81568892166,339002.0306902515,108696.04812326348,170893.59853375162,260017.7550657815,35033.456338813725,57264.76641214351,90440.36056566087,14293.650186235996,23364.02469615455,36899.66711078964,0.0,0.0,0.0,33906.33343666227,53246.26813396334,80682.48330427987,1245.30989873187,4379.702087663643,11440.961530920564,0.7544517947860082,0.7549732821859245,0.7554320500105136,1.3099186589541032,1.3126754542297805,1.3150716628872992,0.3071110525594851,0.309851587665224,0.3124804537879312,0.014687257927737441,0.018389204918725477,0.024803439817019764,-62761.97501782852,-271963.18437248084,32821.36450825458,0.23
"Annual $100k ST gains, zero alpha",150/50,2.0,0.0,True,0.0,1.0,0.0,930109.8727687711,1654411.0702058482,2688734.4129348793,-0.007224366211656228,0.051629200308549894,0.1039376889258412,2385075.6501447633,3247386.698272666,4351321.773957452,376.7812537476681,979.5842803023033,8369.676160447763,0.0,0.0,0.0,-482137.1813674025,92767.81172646114,1046262.3379168441,90316.52475528013,164918.74780977817,256520.34267635216,-0.0,-0.0,0.0,73442.21061195759,172860.61021928542,296458.29350380995,0.025727526810918454,0.02989903064535686,0.035660399407473314,-0.5137374703883621,-0.32878975218679135,-0.18972381391825205,2.8841092019255123,2.996910611360611,3.1877871671573943,819934.4669490895,1296739.6779205848,1998439.6314233004,36884.0885665136,58331.44150735593,89897.80629349903,31522.191396941016,49571.24184662568,75872.47907192213,27609.61182518851,41741.71443204698,61705.855473784555,54638.46508803111,85923.48586748453,131512.2970579984,0.0,0.0,0.0,161003.48286315144,254420.47562747865,393778.7060905434,106365.01777512033,168611.98609436612,262214.35704872996,55230.59855388946,89315.61448602757,141912.22514555766,22534.084209986904,36440.77071029924,57900.18785938752,0.0,0.0,0.0,38318.82892143003,60552.073199339924,93719.33204954932,711.3011075656235,3339.0775168964815,9429.735167079321,0.6952031384333568,0.695774524369364,0.6961427154005347,1.5082034330202145,1.5101664732004378,1.5124798236399153,0.5062774550618917,0.5081581606915644,0.5110807017795486,0.01269419930734178,0.015005686270682106,0.01992946752245273,-80239.86033657473,-339394.4339155653,50884.61078742891,0.22
"Annual $100k ST gains, zero alpha",200/100,3.0,0.0,True,0.0,1.0,0.0,903639.7403147109,1594981.1821140079,2487725.857506065,-0.0100813109015639,0.047791567341916696,0.09538297430143951,3461213.411422809,5141587.955803722,7047681.144907151,515.196785898322,1506.4367253582504,12851.61379135439,0.0,0.0,0.0,-575266.7569442716,-128908.33870170002,588197.8501469867,137186.878083505,215389.2234059553,285859.7374904377,-0.0,-0.0,0.0,113059.51255848522,199166.79872125958,336748.2483087682,0.037671379122618844,0.04463697951765436,0.053577898041275926,-0.5310885217606468,-0.3473203935223334,-0.19791640818667358,4.62738094041676,4.743528051518188,4.937264907347594,772760.3468780178,1239272.8338914232,1884791.197716705,34809.16176456284,55824.10388776459,84902.81370320261,58623.07907176186,94138.85622445244,143271.22275172442,39640.08778257791,63224.35564720366,93348.68948529194,101613.33705772049,163174.01745571746,248336.7861029891,0.0,0.0,0.0,202046.92450253555,325285.1860246551,495434.5312270028,100433.58744481507,162111.1685689377,247097.7451240137,102416.54386386095,165121.78547645762,256645.87236109292,41785.94989645526,67369.6884743947,104711.5159233259,0.0,0.0,0.0,48087.16803160345,77417.87427386794,117913.41843202665,943.2803004091184,2959.9964101060154,7957.677142756525,0.5463776870702719,0.5467055681718338,0.5469723631616367,2.0071009885469735,2.0083573263500014,2.0098122229299378,1.0049846151201955,1.0065774160409668,1.0083164734788128,0.008606809847382846,0.011436997854587072,0.014616036725674264,-123435.77138036251,-516705.0481788775,53847.48970514004,0.18
"Annual $100k ST gains, zero alpha",250/150,4.0,0.0,True,0.0,1.0,0.0,871412.3265946587,1500569.2213493618,2331589.1293039,-0.013669950357278148,0.04141923003538828,0.08831473153347935,4458319.735708669,6596463.463024192,9378358.709592262,676.2218303926035,2122.8453653645784,16544.569130677486,0.0,0.0,0.0,-668843.878684838,-318341.17403616256,171346.08231122466,197265.10692978516,257889.4954125681,307247.7384050949,-0.0,-0.0,0.0,122475.32292658,214883.37944948667,391700.90773549234,0.05046380329018904,0.059633305200715955,0.07070058745571865,-0.5590874385964194,-0.359953673379325,-0.20583621661782106,6.33144095728201,6.4594335218097125,6.682612315442835,726812.4838732615,1207736.538582662,1779897.7944590684,32786.55516642507,54477.286390071524,80289.68024769709,83152.56539075135,137366.2261767139,203218.05605485605,51801.48698575201,82312.21703745362,120475.16175392999,144131.113343969,238101.45870630408,352244.6304950837,0.0,0.0,0.0,238986.11878623342,396150.66413347423,586068.0078073046,94855.00544226443,158049.20542717015,233609.1982586581,142176.33623356643,229877.9173487437,354388.9760537059,58007.9451832951,93790.19027828742,144590.70222991199,0.0,0.0,6245.2542088052705,56878.69627112354,94283.85806376685,139484.18585813852,1347.0811431142397,3785.3829255843143,7961.082770622911,0.39661860286031897,0.39687177028384446,0.3970908391655285,2.5073586061684314,2.5085447801083567,2.509764960913308,1.5052377408630087,1.5063198771862918,1.507983725011565,0.00708019703452567,0.008944442683715748,0.012328349729757338,-197325.36771122087,-739293.0888783588,12363.345898629424,0.13
"No outside gains, zero alpha",100/0,1.0,0.0,True,0.0,1.0,0.0,779007.4380311708,1637234.6907287904,3050653.5226962557,-0.024664213675906134,0.05053588194849301,0.11798920690473526,635391.9370915402,757725.6572821252,933463.826289106,43.77841733053761,166.40022493334118,301.02682015996606,0.0,0.0,0.0,-444020.4903882236,-60997.03902176019,626180.9933529991,3672.0,10216.243197295085,12240.0,-0.0,-0.0,225084.43721755242,0.0,182844.48462585924,454371.8793388069,0.009630834261195403,0.011361473531269633,0.013677929666108195,-0.5130919534654941,-0.3080879121143626,-0.18875641916302577,0.33110606620810323,0.5222846680545876,0.8176238497832787,863511.726626122,1386632.943805039,2112199.7163984184,38802.45507822317,62308.189930012195,94907.55178101521,0.0,0.0,0.0,7563.403281110565,8714.184904164842,9733.908818636583,0.0,0.0,0.0,0.0,0.0,0.0,117365.34802853799,188698.65169855737,287604.41304905544,117365.34802853799,188698.65169855737,287604.41304905544,0.0,0.0,46522.69867078173,0.0,0.0,18981.261057678945,0.0,25799.50527692223,41571.78759813254,27932.952830792037,44910.27910425667,68449.85030567521,20862.762706424946,36629.67300966066,59582.108680275946,0.8345222526123925,0.8359575498065017,0.8370818734003466,1.0410514920991418,1.045680086940992,1.0492920046528422,0.0,0.0,0.0,0.08612084399768956,0.09361633462332253,0.10318498258404955,0.0,0.0,0.0,0.0
"No outside gains, zero alpha",130/30,1.6,0.0,True,0.0,1.0,0.0,772848.500283713,1586331.9922030931,2656664.1448978693,-0.025446866591796267,0.047218060222555036,0.10263206315303239,1899003.6815646712,2463887.9138904456,3096169.845585702,287.73449658678186,784.5926627006764,5859.605931778727,0.0,0.0,0.0,-449710.3739245319,124587.22990398918,1269672.428501329,3672.0,7344.0,12240.0,-0.0,-0.0,238694.49156005494,0.0,123415.28526799132,242651.29870580672,0.019989175217638697,0.02389456325488411,0.028307123758900696,-0.5009451642414611,-0.3203237596701771,-0.1907608921244774,2.141989031779122,2.2722259792949036,2.4454702367891383,838134.636022808,1318520.909475373,1961692.3051598226,37682.2048059441,59278.771743921876,88197.17287311098,19513.706071563072,30690.90224416789,45179.06908935616,21940.86033336547,32305.680307385763,45464.35885383122,33823.757190709344,53197.563889891026,78310.38642155068,0.0,0.0,0.0,142849.69627173268,225311.09226441433,336085.1535783958,108751.86222221973,172228.18713190634,257739.08053510342,0.0,48710.1048974913,86097.30679519475,0.0,19873.72279817645,35127.701172439454,0.0,0.0,54390.63225849118,33998.22771267239,53624.0399589306,79988.2665516582,878.0320115009522,4197.800230376406,12404.886984011157,0.7544471403053907,0.7549582972608022,0.7554467828848905,1.3099513170155153,1.3126710342414918,1.315030309805601,0.30708003970701875,0.30985907451883465,0.3125698365006698,0.014763191298649714,0.018591016078343015,0.02433347152272414,-83716.8631066514,-300432.2003109306,40764.71861602832,0.18
"No outside gains, zero alpha",150/50,2.0,0.0,True,0.0,1.0,0.0,755583.0640012103,1564234.0948038667,2549426.1339574526,-0.027643312490066917,0.045755379298576204,0.09809031876216114,2382809.803873487,3263608.5076815183,4276452.525358823,352.7498387363323,982.452148583662,8947.944520679472,0.0,0.0,0.0,-477826.15488686215,86054.04771949437,1054761.3631371856,4773.6,9180.0,12240.0,-0.0,-0.0,231694.1220648463,0.0,132309.63896473323,249617.9762149245,0.025682188954365987,0.029506310113255548,0.035046096851657826,-0.5137374703883621,-0.3266075807898813,-0.19440618508847518,2.883927957451144,2.9968077224685454,3.186589063617779,817445.9264349882,1298178.1332143247,1957498.1130882443,36772.20836656325,58395.8604270597,88057.32481767636,31436.31789733684,49446.89065415341,74456.65028209728,27544.073378438814,41617.227762799,60692.19431899108,54489.617688717175,85707.94380053258,129058.19382230192,0.0,0.0,0.0,160555.85159603204,255138.14999270067,386164.94781174796,106066.23390731488,169430.2061921681,257106.75398944604,0.0,72015.87087886178,128389.67434100132,0.0,29382.475318575605,52382.98713112853,0.0,5880.96840197048,79306.69913384221,38212.292679855615,60722.879698262754,91907.25757919598,551.0349656477839,3395.693589445974,9967.834029648919,0.6951868697481786,0.6957884821050899,0.6961425245431848,1.5081988261788837,1.5102480128833757,1.5124550860536115,0.5062447676699273,0.5082018201737033,0.5110601274228825,0.012570077551078418,0.015017816518139826,0.02014655629184923,-122928.06005686568,-409674.18395383947,38265.764525188,0.15
"No outside gains, zero alpha",200/100,3.0,0.0,True,0.0,1.0,0.0,717692.6966490108,1438914.4447770508,2323550.8927941006,-0.03262743979827408,0.03705895692455241,0.08791863217529053,3458934.353074433,5126145.529910956,7013597.010544965,510.4488733008292,1546.284920574884,12844.564179132625,0.0,0.0,0.0,-571081.2803838472,-130372.73384626742,611401.431639081,7221.6,11016.0,12240.0,-0.0,-0.0,169918.52470808162,0.0,150094.6255755488,321448.6428122378,0.03749495117440681,0.04427323794267988,0.0532031126204076,-0.5310885217606468,-0.34351296443753165,-0.19848201918401345,4.6270979609656955,4.743909555146919,4.938029533827222,770478.0794318578,1239267.1018416048,1876045.0278994867,34706.363980681024,55824.35506304068,84509.29002177373,58465.16237032021,93930.75173209258,142671.06732506087,39520.38779425034,63275.79959386908,92850.09487382679,101339.61477522166,162813.30300229375,247296.51669677216,0.0,0.0,0.0,201510.85551884546,324823.761775575,493354.43088338774,100171.24074362381,162010.4587732812,246057.91418661556,0.0,52816.22917686775,242031.4883453759,0.0,21549.02150416204,98748.84724491336,0.0,89013.37211067701,150271.988778376,47959.58361348521,77308.05530258684,117418.35455024625,1091.7015102268415,2895.937592170764,8248.40703452391,0.546395789783673,0.5467096418669071,0.5469682683530126,2.0071185244282184,2.008357411236366,2.009796707096163,1.0050543853469665,1.006575477550999,1.0083091119866525,0.008432068003700222,0.011378069832281401,0.014610240867863644,-208459.92466541822,-620371.7621067716,-18995.634072038883,0.1
"No outside gains, zero alpha",250/150,4.0,0.0,True,0.0,1.0,0.0,657859.9391174311,1322366.2011948568,2201048.2560104276,-0.04101439203788636,0.028333626574088666,0.08206465193848689,4453624.023458424,6624130.595552402,9407107.77310137,670.4520239793846,2136.050581800473,16354.571833947275,0.0,0.0,0.0,-666213.2501921308,-322055.22329208406,162557.68019105637,9792.0,11016.0,12240.0,-0.0,-0.0,176887.21451644792,0.0,149361.40837265883,379682.85532373417,0.050361133021934054,0.0594849681506555,0.07110101151503191,-0.5590874385964194,-0.35689880271321095,-0.20444138418185365,6.332341300983083,6.459750249614234,6.682486334796341,725697.3909348851,1208385.227519712,1794832.5646146943,32736.37819173992,54506.30818262957,80963.0190186292,83048.08034529639,137408.04084192915,204780.82402504477,51730.66475068269,82477.21000544069,121984.32107161157,143950.005931847,238173.9374593438,354953.4283100776,0.0,0.0,0.0,238680.13520855247,396265.422963504,590730.8589923932,94730.12927670547,158091.48550416017,235496.28692602942,0.0,0.0,345758.16939925414,0.0,0.0,141069.33311489568,0.0,155922.9657233664,230477.45854676,56805.87217963549,94311.17066531393,140593.94444018957,1406.3435024110197,3648.550138574842,7520.585096975214,0.3965910310367014,0.3968877850882944,0.3970948997470762,2.507372764463176,2.508578787855125,2.5097864108967145,1.505255411943197,1.506380115684741,1.5079783903666923,0.007259742776396338,0.009036136994951205,0.012183220763178283,-297507.3506900639,-823371.1536557609,-36474.35491368831,0.05
"$500k ST gain in year 3, zero alpha",100/0,1.0,0.0,True,0.0,1.0,0.0,877951.2679162882,1667102.5934951792,3058866.4044660553,-0.012932199315578418,0.05243321826000147,0.11828988394653171,633683.8871378106,757184.5258470378,933100.1962419258,43.883887951539236,159.4783777915024,298.86086009605503,0.0,0.0,0.0,-444115.2274820626,-58892.97505969359,625516.8936961882,5999.266949529167,66080.5913494006,140502.29713564858,-0.0,-0.0,0.0,14088.497297676677,182057.92773923962,452988.2272502604,0.009716145882582392,0.011933737897527955,0.014012425187052799,-0.5115778808282142,-0.30918270709082635,-0.18722193916602967,0.33151230340733573,0.5227734700179115,0.8176590629442178,855836.7843745959,1379583.2755068818,2118318.2291917256,38457.01111884943,61990.52564457552,95182.55443644946,0.0,0.0,0.0,7552.58100548602,8681.782201067494,9766.993259023744,0.0,0.0,0.0,0.0,0.0,0.0,116231.52242573013,187826.74474480338,288456.97201425163,116231.52242573013,187826.74474480338,288456.97201425163,5631.26256431206,18069.98693325089,46490.07901331542,2297.55512623932,7372.554668766364,18967.95223743269,0.0,15151.985917961092,34126.58667722738,27663.102337323766,44702.765249263204,68652.75933939187,20877.239456751035,36670.34161198899,59956.38159175191,0.8345824224998751,0.8359359164227564,0.8371599486952783,1.0409797184096445,1.0457577697647176,1.049287859268353,0.0,0.0,0.0,0.0856003420314786,0.09376055718162368,0.10278385000083229,0.0,0.0,0.0,0.0
"$500k ST gain in year 3, zero alpha",130/30,1.6,0.0,True,0.0,1.0,0.0,870420.3271786472,1596193.5288726003,2694328.6334148855,-0.013782052976257531,0.04787029395592324,0.10418749881344859,1898299.313543439,2459307.9728585593,3103993.6566984486,281.35505968375236,776.7329141419068,5450.105220066932,0.0,0.0,0.0,-443966.5914492682,138976.47270798008,1273199.460297319,4896.0,72923.3212824816,165108.14015595507,-0.0,-0.0,3442.540684051781,0.0,129646.44197988126,246745.51564552166,0.020614008002793144,0.02495974768597544,0.029533684999923534,-0.4987398677578479,-0.31277532266921176,-0.1907410855698449,2.142501163515356,2.2719133399217215,2.4449347601369364,832958.2833903098,1309371.17348781,1978048.5910345267,37450.58925859323,58866.86951829774,88932.40175359558,19477.63485876534,30541.60888716288,45539.05067892303,21716.192723912678,32377.909407405838,45851.45993806817,33761.23375519325,52938.788737749,78934.35451013327,0.0,0.0,0.0,142226.7796642569,223546.69968756603,338833.0405553788,108593.7200929163,170742.28453177883,259855.16545621143,12341.046620643325,50106.79730241366,85366.54058359122,5035.147021222476,20443.57329938477,34829.54855810522,0.0,0.0,37167.47558688298,33849.973560093145,53204.1145256407,80642.26365218013,960.5894926519361,4520.10500720786,12324.664972077766,0.754412793667298,0.7549849492106926,0.7554739075348472,1.3099448172244936,1.3126802505375799,1.314966560278092,0.3071223296122546,0.309857585068129,0.3125806062126887,0.014423452935270453,0.018710041200172056,0.024662106297439642,-75014.83487918391,-298063.7055927651,36967.538762015865,0.18
"$500k ST gain in year 3, zero alpha",150/50,2.0,0.0,True,0.0,1.0,0.0,863871.9503581197,1585425.971689661,2595576.0647531026,-0.014526723043970758,0.04716313303583397,0.10006322815446161,2383509.3984432784,3232063.6644182424,4259006.173072832,359.87033520550415,964.0244707484561,8236.938670242149,0.0,0.0,0.0,-474740.33730464976,99999.85574424374,1053167.8864154643,22025.35773887019,98203.29404307445,185575.4336937126,-0.0,-0.0,0.0,15658.39628842846,140013.68059452332,258691.37837897878,0.02600159236073761,0.030748127666592774,0.03637066814795806,-0.5108271290155229,-0.3254700307387329,-0.19813759308201243,2.8841958664081178,2.996696675878394,3.1872577863562706,819926.6605052841,1292957.8708337462,1961656.3681809632,36883.76784442677,58161.21681140291,88244.620509426,31374.17127253268,49425.747356759166,74547.85411127126,27628.288624054465,41612.52345163826,61002.489070542346,54381.896872389974,85671.29541838253,129216.28045953682,0.0,0.0,0.0,161025.2647099012,253695.77833369042,386968.06340781535,106378.61123167175,168024.48291530792,257718.16357663443,19877.388580385763,78669.11297833364,130624.73727265076,8109.9745407973915,32096.998095160117,53294.89280724151,0.0,0.0,55546.78771178152,38324.01300095649,60379.59524341833,92098.39909106001,621.732041931833,3918.2045935655324,10000.315019234225,0.6952517783465538,0.6957898608962021,0.6961201021689847,1.508202713852595,1.5102239160168156,1.5125223198130768,0.5062472058082864,0.5081697796290097,0.5111000225185768,0.012616394465229119,0.01510488706112506,0.020191802833626385,-105493.43465603475,-394058.16933364654,38935.47184923922,0.2
"$500k ST gain in year 3, zero alpha",200/100,3.0,0.0,True,0.0,1.0,0.0,859217.1900142335,1525478.4178472618,2370940.957615644,-0.015059068522168317,0.0431350788655559,0.0901046997058122,3457516.32536104,5057495.763042337,6963888.836341752,507.7520250480504,1501.7184434215758,11397.295156272043,0.0,0.0,0.0,-564696.860081245,-122817.46542039482,615600.9378371205,105812.03350953598,160558.75415631878,212568.0,-0.0,-0.0,0.0,33303.05809398405,161031.91373393702,327707.6712162501,0.03808869491241216,0.04533029136798942,0.05286791344632014,-0.5312204665192313,-0.34629116363528156,-0.19921388391419925,4.626853053120944,4.7476600652691285,4.9355366571126265,773382.0546040601,1235664.2045608452,1873477.601100593,34837.07991569351,55661.77018937848,84393.8318661491,58675.831485407165,93904.64461394647,142396.97287045795,39665.26894275355,62927.81818431459,92699.2826796209,101704.77457470579,162768.0506641739,246821.41964212712,0.0,0.0,0.0,202229.8358273289,324444.1272556677,492756.2738712909,100525.0612526231,161676.0765914938,245768.6147633966,33395.71550136176,149349.79013609592,243188.3640066744,13625.451924555598,60934.71437552714,99220.85251472316,0.0,0.0,85303.07323874319,48130.700926904276,77217.70228684894,117275.99318136724,1117.1132545471457,3706.5316662381706,8746.358636417539,0.546389667815057,0.5467143366869556,0.5470373147246625,2.007115519559874,2.0083325028531407,2.0098613610769247,1.005027211596247,1.0065682584550695,1.0083581592126192,0.008406205570688496,0.011593103934031124,0.014673383505825234,-154280.9193724246,-565441.1711216856,35534.90667256959,0.15
"$500k ST gain in year 3, zero alpha",250/150,4.0,0.0,True,0.0,1.0,0.0,808850.7669404867,1428823.8470162903,2238738.224957625,-0.02099266567232755,0.03632916562931343,0.08389779231093904,4453624.023458424,6565749.907604452,9162702.572267082,668.4548915213899,2042.03626774893,16304.359914020422,0.0,0.0,0.0,-658423.5473358472,-297026.08201476035,206500.4413751228,175823.93680858964,207990.61674505897,215016.0,-0.0,-0.0,0.0,42331.99048390503,186545.21589070762,371630.1559654739,0.0506621377696009,0.060341728303533765,0.07110101151503191,-0.559204456828472,-0.3607930622595483,-0.20877999969541483,6.32985592248462,6.458080970940507,6.6824351913115185,725697.3909348851,1197721.7531284,1754168.541621231,32736.37819173992,54025.58024848782,79129.91835617258,83048.08034529639,136072.78084950446,200495.40484040114,51730.66475068269,81874.93521648353,118637.03076029714,143950.005931847,235859.4868058077,347525.3683900286,0.0,0.0,0.0,238680.13520855247,392424.58128811663,578069.3652211089,94730.12927670547,156878.63753350195,230410.25389249282,0.0,203227.81374725982,337909.2999208898,0.0,82916.948008882,137866.99436772303,0.0,0.0,150583.36520541922,56805.87217963549,93397.05034657175,137580.50892262394,1406.3435024110197,4134.770017279288,8766.398432554366,0.3966205199280534,0.39689504635593753,0.3970948997470762,2.5073403467533955,2.5085412545508055,2.509695665671497,1.505247194543898,1.5063169589301926,1.5079703888156237,0.007159675437360425,0.009036136994951205,0.012058094548580846,-222883.16648684302,-768221.4058046915,14380.180497760466,0.11
"Annual $100k ST gains, +75 bps alpha",100/0,1.0,0.0,True,0.0,1.0,0.0,929657.74747035,1720242.8528660014,3127310.4099099943,-0.00726738693836223,0.05573970261190775,0.12076872478159635,638288.4881987802,753391.8269296245,936192.1698673855,42.939270663815655,159.2269405998854,302.26454294758423,0.0,0.0,0.0,-444028.0586475899,-58262.8481776556,599905.3100754687,50721.43475101046,116014.00348836798,217080.54419399652,-0.0,-0.0,0.0,54087.462025805704,196505.76994096505,465304.70403582137,0.009829250022104084,0.01169724055003946,0.014304453132089086,-0.5129893087011816,-0.30298599101635415,-0.18550106376866168,0.33211386845780544,0.5242922522017444,0.8175093706136157,861871.3398494157,1378762.9667648096,2107138.6650756584,38728.94118906568,61953.45288679523,94675.90701571587,0.0,0.0,0.0,7548.833298478633,8681.883160511617,9814.64979126001,0.0,0.0,0.0,0.0,0.0,0.0,117189.11798342426,187664.16657756158,286162.11990135885,117189.11798342426,187664.16657756158,286162.11990135885,20802.16070050303,35562.48235608029,58933.89933455301,8487.281565805237,14509.492801280754,24045.030928497625,0.0,0.0,0.0,27891.01008005497,44664.07164545965,68106.58453652341,20802.16070050303,36891.381654300094,58933.899334552996,0.8345114149729529,0.8359669644522052,0.837172875831295,1.0411278416650174,1.0456935343594473,1.0489012251962702,0.0,0.0,0.0,0.08551416112469996,0.09355357031863187,0.10325723351364693,0.0,0.0,0.0,0.0
"Annual $100k ST gains, +75 bps alpha",130/30,1.6,0.0,True,0.0,1.0,0.0,967012.6270376903,1687171.4875245676,2863285.1158009237,-0.0033554250825892015,0.053687373376237524,0.11092227152124667,1908071.5914989419,2478382.9371861154,3151394.9702140773,303.24013725125207,782.8744990321998,5437.25249261014,0.0,0.0,0.0,-426524.9541704558,179130.48470766167,1352124.8140138176,70675.5128314202,141659.21769824094,239422.0140903989,-0.0,-0.0,0.0,58640.72304892043,163181.9042581002,289569.93407303665,0.020646923322479964,0.02518043071394023,0.029039593477629924,-0.49097036025067925,-0.3122561343977591,-0.18445215830619888,2.1341038168267406,2.2608047741646784,2.4338151491871676,850271.747929102,1344604.4908907744,2019648.33860759,38228.40613707029,60451.305477521324,90801.79253085634,19829.054563734255,31255.0554250805,46449.62224703751,22093.22937368178,32828.80697297397,45934.28695484955,34370.36124380603,54175.42940347286,80512.67856153166,0.0,0.0,0.0,144983.12026195336,229663.54471069883,345743.81540281145,110639.72229996439,175488.115307226,265222.24513500545,35843.86251645843,58808.76834617178,92592.78165241421,14624.295906715039,23993.977485238087,37777.854914184994,0.0,0.0,0.0,34505.9826223449,54659.923641146335,82287.02806586913,1213.6429432673553,4494.164721557003,11604.88180529436,0.7544599251887525,0.7550027377687576,0.7553751637528765,1.309912766346756,1.3126220383409062,1.314824436509766,0.3070732223985658,0.30990339383746945,0.3125886811283477,0.014622766363932994,0.018559517382128854,0.025512765030358247,-27418.627645681612,-198697.44146825824,77797.89007801267,0.39
"Annual $100k ST gains, +75 bps alpha",150/50,2.0,0.0,True,0.0,1.0,0.0,963568.6867667546,1742261.1398834973,2840283.802338008,-0.0037093470915511174,0.057087378190405325,0.1100088373965362,2413364.0538306446,3318022.706118264,4451339.160781427,432.04184519945767,1093.761286394008,8592.486564182187,0.0,0.0,0.0,-456010.922701323,156781.0291650943,1186681.1924543886,84183.01746487155,158091.94015107787,252245.380889048,-0.0,-0.0,0.0,79691.87986400248,186971.22376877104,320119.97274592926,0.0257664599600819,0.030091256452403903,0.035530451930282474,-0.497116551921237,-0.317269037347595,-0.18573780663045908,2.8706840808704572,2.9765740374199696,3.1624962733654574,845219.6921145569,1344394.8819690845,2068696.8199182395,38021.30891297305,60474.9413264668,93058.05521904938,32422.40531684494,51180.15347926933,78398.30023884383,28334.51085691202,42987.588945246694,63772.795704829216,56198.83588253121,88712.2660307335,135890.38708066265,0.0,0.0,0.0,165857.84042496973,264135.98158117785,407423.0424677074,109660.26552971486,175538.16356883332,271532.65538704477,56853.28347717399,92926.93174763954,146793.7192302989,23196.13965868699,37914.18815303693,59891.83744596196,0.0,0.0,0.0,39474.166021142795,62864.363616320334,96966.68410731436,729.2623284031849,3585.7277407522233,10391.063043674614,0.6953187856656435,0.6958049875936969,0.6960926809090369,1.5079428709524156,1.5103156394065516,1.512528519964643,0.5061703547614542,0.5082422688150224,0.5110151075981619,0.012394856414640776,0.015143069589879932,0.020116347160287273,-11265.636304113432,-221315.13067931097,135764.81934981927,0.46
"Annual $100k ST gains, +75 bps alpha",200/100,3.0,0.0,True,0.0,1.0,0.0,977776.8588183682,1776079.7887450391,2741865.7058081003,-0.0022457336281440417,0.05911896024495267,0.10607216910833354,3616307.869778018,5399329.060792515,7435897.713089015,579.0688646653452,1844.1444045147323,12874.311752126529,0.0,0.0,0.0,-522955.88518761087,-20026.96906751077,804567.0001913738,126531.93834816582,204702.79581044323,278920.42009028036,-0.0,-0.0,0.0,131049.93104562176,233667.1799246936,391647.3918007922,0.03771657823411278,0.04464140756666743,0.05303215401960442,-0.5000245693442876,-0.3106921683729807,-0.19076869813620367,4.598145881560051,4.707051097246546,4.8928188116432425,816894.986605891,1340835.5113760512,2041125.2342405072,36796.57709325699,60396.71494265685,91943.48364746528,61846.77010501863,100669.53925056134,154389.5276885931,41999.20985274196,67441.55024098759,100429.99358143643,107201.06818203228,174493.86803430636,267608.51466022804,0.0,0.0,0.0,213359.90656582985,349592.8602270491,535253.6562107665,106158.83838379759,175098.9921927427,267645.1415505385,107910.19981771086,178641.03723426274,276781.4391547177,44027.36152562603,72885.5431915792,112926.82717512481,0.0,0.0,0.0,50779.65776266751,83203.10073403767,127390.37017816245,1028.1891050954741,3423.374537931793,9042.408810533752,0.5463491439943415,0.5466684472297159,0.5470326755135175,2.0071146513364146,2.008337735178623,2.0098398214064566,1.0050130499696808,1.0066093238662037,1.0083250178116103,0.0086723570835175,0.01176244080346911,0.01405727885831698,2915.8571850141743,-292247.2954891019,211370.52972703232,0.52
"Annual $100k ST gains, +75 bps alpha",250/150,4.0,0.0,True,0.0,1.0,0.0,968530.7447442919,1748157.6046781605,2768123.5095080193,-0.0031927118536490993,0.057441383405751445,0.10715930769497868,4803330.390288787,7247540.796951193,10378465.99278351,847.8798971088958,2715.4969127354334,18966.956245584934,0.0,0.0,0.0,-624202.6911838523,-207250.07217220165,374796.79844743805,180649.59557213943,245649.7854301966,296363.6079485402,-0.0,-0.0,0.0,156954.80417716329,273022.3374642822,483302.6293001674,0.049836607015718105,0.05984113892662872,0.07130943521545824,-0.5129991236154833,-0.3255212609312746,-0.19362145206507983,6.27784411076634,6.403546574369106,6.622828574249242,807952.972774712,1339822.2711448297,2011852.3750515669,36445.52143054879,60433.723916656236,90736.87377212298,91783.37765072277,151651.34297003923,227695.20766584444,56997.75679340545,90877.73782750756,135505.59211747354,159091.18792791947,262862.3278147347,394671.6932874637,0.0,0.0,0.0,264534.2659084963,438098.6609917629,658514.7118075314,105443.07798057678,175236.33317702814,263860.6725533497,157865.39044490468,259548.8701870176,403763.50767650333,64409.0793015211,105895.93903630317,164735.51113201334,0.0,0.0,0.0,62959.1552862221,104267.48131603954,156726.50141019246,1468.10201371525,4170.298817724073,8961.532625880483,0.3965844483151277,0.3968924199996363,0.39710731913082853,2.5074011142409436,2.5085775875516276,2.509767273922052,1.5052714972612753,1.5062949467368498,1.5079736457796376,0.007288493342215685,0.009089641460597209,0.012061391037111902,-14874.435990333848,-386185.42987597693,263814.938145931,0.48
"Annual gains, zero alpha, high costs",100/0,1.0,0.0,True,0.0,1.0,0.0,870827.3815922233,1612199.087409991,2934454.5733591714,-0.013735940563782389,0.04891322690666733,0.1136581343683369,608148.7858101513,731990.4644783051,903693.9733176664,39.11255142291356,148.2807206256848,270.20298057181043,0.0,0.0,0.0,-432945.1461969866,-32707.084832141387,635965.005802774,44784.808297240466,110260.78051854137,212203.42524575282,-0.0,-0.0,0.0,52958.74079979797,184396.9628810159,440828.60038974043,0.009846502394663571,0.011885633320999733,0.014363728494841261,-0.5308666963942311,-0.3173082403356073,-0.19096304254996846,0.332557938763736,0.523495368157983,0.8198955168382202,827691.3340083025,1326764.7941045547,2024246.518278346,78648.04170852093,126049.48837120114,192284.78419237694,0.0,0.0,0.0,21958.30178850551,25109.602255732352,28160.20474332791,0.0,0.0,0.0,0.0,0.0,0.0,112733.89989914405,181039.82267760666,275839.6165913822,112733.89989914405,181039.82267760666,275839.6165913822,21134.595289861576,36206.93077283096,60740.39822560226,8622.91487826352,14772.427755315031,24782.082476045714,0.0,0.0,0.0,26830.66817599628,43087.47779727039,65649.82874874896,21134.59528986158,37468.80823680876,60740.39822560225,0.8343756838956826,0.8358384947485267,0.8369855024470542,1.0423135705123192,1.046540486381835,1.0500109101894142,0.0,0.0,0.0,0.08676331701963884,0.09441003500982215,0.10416210736211562,0.0,0.0,0.0,0.0
"Annual gains, zero alpha, high costs",130/30,1.6,0.0,True,0.0,1.0,0.0,835579.1479832587,1447830.1716905637,2416096.4594544414,-0.0178066230281108,0.037690743721242925,0.09220702394822738,1776296.433271221,2289072.846533137,2887281.88598184,249.60215463629956,664.406565975378,4715.493976966788,0.0,0.0,0.0,-397904.9271560341,139604.14305491466,1253990.7777010507,71076.9535981921,135965.89220432064,225242.07295078252,-0.0,-0.0,0.0,51737.437046403575,138268.89074282808,246871.068201398,0.020823373638431144,0.02528625038566827,0.029627163216347164,-0.5326311655798066,-0.34096082129372146,-0.20193774323706304,2.142407138555607,2.2752278308253393,2.4494868327347943,778791.3347001534,1223030.651288199,1827173.976844097,74162.33895689665,116456.47520588936,173967.9039425953,42953.04525901974,66750.68365976107,98529.74851394772,61083.05273617026,89788.60555476186,124909.50635180541,31907.976478128938,49586.222147251094,73193.527467504,0.0,0.0,0.0,133391.7083788151,209508.29739324143,314245.4884336425,101505.47174434796,159848.36464980242,241051.9609661385,33672.44126660613,54945.95840518123,87352.30583652906,13738.356036775298,22417.95102931394,35639.74078130386,0.0,0.0,0.0,31747.226594157994,49862.974779591466,74790.4262472069,1949.5417675569483,5637.412455193485,14165.423143605925,0.7542425799282453,0.7547067211732936,0.7551714856314163,1.311541417485662,1.3140089875185512,1.3165308010535082,0.3073437233210906,0.310309100246499,0.31294812097195457,0.0150776942377721,0.019171595520540707,0.02490037491246948,-139862.68869768188,-414458.32812544255,-30275.826681521117,0.01
"Annual gains, zero alpha, high costs",150/50,2.0,0.0,True,0.0,1.0,0.0,799915.3818509531,1400706.0211020769,2275032.1116899443,-0.022079785597152634,0.03426918173435167,0.08564338517709864,2218063.713839682,2969902.8834068105,3941128.2028130475,315.83658405144354,828.6094425646241,6959.066752082775,0.0,0.0,0.0,-416065.2950350338,93775.05254359523,1062406.7948889271,85127.49998296704,151957.34542935417,237101.54434825954,-0.0,-0.0,0.0,68113.5013851931,148746.32768711844,255491.60634501732,0.025612549387572393,0.030424397649954905,0.03598174257118435,-0.5525837409633079,-0.35506474905156565,-0.20539518417147556,2.8881338873629896,3.003117217870593,3.1939291572202335,751385.7288642605,1196514.5408634455,1802508.463271906,71652.49709623841,114089.88500193233,171866.41451526378,67744.0015628508,107304.39647655029,160413.29557651147,76087.81581571142,115093.82497964203,167589.55911460385,50324.11544668915,79711.83738258021,119164.16242826566,0.0,0.0,0.0,148429.37977491235,236034.96808830072,357088.12762110156,98066.89574650039,156323.1307057205,237923.96519283592,51760.178637308214,84057.98776957169,132978.230548787,21118.152884021747,34295.65900998525,54255.11806390509,0.0,0.0,0.0,35326.19238642915,56176.322405015555,84986.9743738222,1628.9584515850545,5216.659446919957,11825.823352579022,0.6948349352319816,0.6953705301826691,0.6956590215078967,1.5105235752091677,1.5124821412469887,1.5146431624192473,0.506926436366329,0.5089256127135422,0.5117926403977988,0.012825602318737661,0.01630388373711822,0.02057309117932964,-200387.18206439074,-522888.5669714114,-60699.63893455807,0.0
"Annual gains, zero alpha, high costs",200/100,3.0,0.0,True,0.0,1.0,0.0,727095.1788485983,1260392.850692239,1939762.8430082595,-0.03136945117748865,0.023412137224950058,0.06847382263598392,3111212.0979783516,4507905.790039958,6067243.577961956,397.85184533708394,1158.66519562863,9235.77204879352,0.0,0.0,0.0,-483159.5388986112,-47642.08491584008,630482.6669808781,122202.87945745827,194842.42626772413,258985.6151663293,-0.0,-0.0,0.0,93716.15329707542,168048.712134608,266272.0847338619,0.037866198194779516,0.04438905734825915,0.05392062415015781,-0.5882922219378397,-0.3838464438233029,-0.21165184505942794,4.64251823254669,4.761478992863875,4.956299936705172,689408.5462863414,1093401.9871822596,1636394.9096928628,65981.80242296575,104628.24304194405,156587.06155686622,123109.64146390698,194495.87886326556,292481.8904321558,106503.72732967128,166490.97563083045,242693.8686984956,91452.87651604517,144482.6528698544,217272.2614638871,0.0,0.0,0.0,181925.50398141379,288501.6558687058,433832.3069052544,90472.62746536863,144019.00299885144,216346.03450934298,93796.0028049315,151371.3055070819,230530.68171058907,38268.76914441205,61759.4926468894,94056.51813792034,0.0,0.0,0.0,43298.26994757648,68663.39409675197,103252.08904345056,2972.167321146874,6191.6531597691455,12219.082132372063,0.5453028090974115,0.5456354832366508,0.5459171358683802,2.0120546613543273,2.013174695992952,2.0145163720253123,1.0074331058539787,1.0088831863177834,1.010753448330217,0.00974231973978168,0.01302005725396127,0.016635154251486296,-328113.76280004485,-836339.6459954508,-139820.87224989923,0.0
"Annual gains, zero alpha, high costs",250/150,4.0,0.0,True,0.0,1.0,0.0,650303.8466840967,1091972.32157164,1679051.0938863922,-0.04212075497033424,0.008837350418111733,0.05318034220848011,3850847.072619282,5595754.821974319,7811321.984804879,461.64166134481275,1479.4672839265945,11457.167194473526,0.0,0.0,0.0,-547739.4701491119,-153373.86198880433,360999.8838232575,158774.9920561578,223625.82153303083,271521.9643999152,-0.0,-0.0,0.0,104804.38126175955,169787.2955404333,282447.07321934047,0.05085316302552648,0.05961885435395038,0.07192052607865665,-0.6503679211063519,-0.4197282066846012,-0.2494542855784346,6.345987993857755,6.486975033505535,6.715505588545186,617948.5028690778,1010556.4744611594,1486565.1380996474,59351.630253816475,97040.84938366641,142760.63689637886,166413.322373656,271266.5621402358,398394.2678278329,133969.7956256341,206430.95178574877,301366.8941424036,123621.32519185873,201512.3033041751,295950.0275292472,0.0,0.0,0.0,205386.1384595224,335320.0169215271,494368.65719804104,81778.81534757592,133807.713617352,197351.34572421203,125434.12869201742,204727.73193372966,307956.46212946915,51177.12450634311,83528.9146289617,125646.2365488234,0.0,0.0,0.0,48881.90095336632,79806.16402732347,117659.74041313375,4129.1591614259,8095.448250544923,14433.292473658543,0.3945658889297623,0.39489968703495504,0.3951023181436223,2.5157162043862598,2.516664576881478,2.517701674984576,1.510050798235637,1.5112426561966736,1.5129286628014342,0.009628040433501918,0.01219935690466678,0.015599093896733196,-472055.955236666,-1121541.3699844482,-231132.27389903011,0.0
